,words
1,siangnya
2,sianturi
3,siap
4,siapa
5,siapakah
6,siapapun
7,siapi
8,siapkan
9,sibara
10,sifat
11,sifatnya
12,sigit
13,sigurdsson
14,sik
15,silahkan
16,silakan
17,silangan
18,silk
19,silver
20,sim
21,simak
22,simanjuntak
23,simatupang
24,simon
25,simpan
26,simpanh
27,sinaga
28,sinar
29,sindonews
30,sine
31,singamenyamar
33,singkat
34,singkatnya
35,sini
36,sip
37,sirait
38,siregar
39,sirkuit
40,sirkulasi
41,sirojan
43,sirup
44,siskin
45,siswoyo
46,sitanggang
47,sitepu
48,siti
49,sitorus
50,sitti
51,situ
52,situlah
53,situmorang
54,sizuka
55,sj
56,sjs
57,sk
58,skip
59,skipm
60,skkh
61,skouw
62,skp
63,skw
64,sl
65,slamet
66,sling
67,slipi
68,sm
69,sma
70,smb
71,smk
72,sms
73,smu
74,sn
75,snack
76,snagat
77,snake
78,snr
79,so
80,soa
81,soal
82,soalnya
83,sobih
84,social
85,society
86,soebrantas
87,soekarno
88,soemarmo
89,soemiarto
90,soetta
91,sofian
92,sofidullah
93,sofifi
94,soft
95,sofyan
96,sogong
97,soh
98,sohun
99,sokobanah
100,solechudin
101,soleh
102,solikin
103,soliter
104,solokan
105,solopos
106,son
107,sondang
108,sondani
109,sonerati
110,sontang
111,sooai
112,sop
113,soplantila
114,sorek
115,sos
116,soy
117,soya
118,sozometa
119,sp
120,spacy
121,span
122,spbu
123,speadboat
124,speed
125,speedboat
126,spil
127,spk
128,spkt
129,sporc
130,sport
131,spp
132,sprei
133,spurs
134,sr
135,sri
136,srigading
137,srindhit
138,sripoku
139,sriwijaya
140,sriyanto
141,srono
142,ss
143,ssementara
144,ssk
145,st
146,start
147,stasiun
148,stevie
149,stir
150,stk
151,stnk
152,stop
153,stopwildlifecrime
154,stowing
155,straight
156,strumus
157,sttl
158,sttus
159,style
160,su
161,suadi
162,suamba
163,suami
164,suarajatim
165,suarasulsel
166,suarasurabaya
167,suardin
168,suarnaya
169,sub
170,subagyo
171,subakan
172,subakir
173,subawa
174,subden
175,subekti
176,subhan
177,subiantoro
178,subrbakti
179,subscribe
180,sucipta
181,sucipto
182,sudah
183,sudarma
184,sudarmadi
185,sudarno
186,sudarso
187,sudiana
188,sudiarnawa
189,sudirman
190,sudiyanti
191,sudrajat
192,sugeng
193,sugi
194,sugianto
195,sugiarto
196,sugiatno
197,sugiono
198,sugiyono
199,suhadi
200,suhardi
201,suharman
202,suharsono
203,suharto
204,suharyono
205,suheri
206,suhermanto
207,suirya
208,sujarwanto
209,sujiaman
210,suka
211,sukadarma
212,sukai
213,sukajadi
214,sukamerindu
215,sukamta
216,sukan
217,sukandar
218,sukanegara
219,sukarni
220,sukarno
221,sukatani
222,sukma
223,sukmana
224,sukmo
225,sukmoputro
226,sukorharjo
227,sukowidi
228,sul
229,sulaiman
230,sulardi
231,sulau
232,sulenco
233,sulfikar
234,suli
235,sulisno
236,sulistiono
237,sulistyo
238,sulistyono
239,sumar
240,sumarap
241,sumarmo
242,sumarno
243,sumarsono
244,sumarwoto
245,sumateradari
246,sumay
247,sumbena
248,sumbermanjing
249,sumdaling
250,sumi
251,sumutnews
252,sumverdaya
253,sun
254,sunadi
255,sunandar
256,sunarto
257,sunaryo
258,sungaijawi
259,sungaiulak
260,sungsang
261,sunsang
262,sunu
263,sup
264,supadio
265,suparman
266,suparni
267,supaya
268,supeno
269,supiyatna
270,supomo
271,supranata
272,supranoto
273,supratiwi
274,supriadi
275,supriatna
276,supriatno
277,supriyadi
278,supriyono
279,sur
280,surabayasurabaya
281,surahmin
282,suranta
283,surbakti
284,suriansyah
285,suriawati
286,suriyani
287,surya
288,suryadi
289,suryandi
290,suryati
291,susan
292,susanti
293,susanto
294,susarwo
295,suseno
296,susi
297,susiafrianto
298,susilawati
299,susilo
300,sustyo
301,sustyodalam
302,sutomo
303,sutrimo
304,sutrisme
305,sutrisno
306,suwandi
307,suwarno
308,suyatno
309,suzuki
310,sw
311,swadaya
312,swafoto
313,swan
314,swarna
315,sy
316,syadun
317,syafri
318,syah
319,syahbandar
320,syahbandi
321,syahputra
322,syaifullah
323,syamfhidar
324,syamsi
325,syamsudin
326,syamsul
327,syarhan
328,syarif
329,syarin
330,syiah
331,syifa
332,sylvana
333,symphalangus
334,syn
335,syndactylus
336,syuhud
337,syukur
338,syukurnya
339,szm
340,t
341,tabang
342,tabero
343,tabiang
344,tabir
345,tabuk
346,tadi
347,tadinya
348,tahoma
349,tahu
350,tahuh
351,tahuna
352,tahunbaca
353,tahunkapolresta
354,tahura
355,tailing
356,tajung
357,tajungjabung
358,taka
359,take
360,takengon
361,takur
362,takut
363,talaga
364,talahatu
365,talamau
366,talang
367,talao
368,taliabu
369,talu
370,taluditi
371,taluk
372,tambahnyakedua
